"antecedents_str","consequents_str","support","confidence","lift"
"{技能=Advanced,用途=Debugging/Troubleshooting}","{GPA_上升}",0.05214,0.69041313559322,2.07331271949916
"{技能=Advanced,自學_高}","{GPA_上升}",0.0522,0.568256041802743,1.70647460000824
"{主修=STEM,自學_高}","{GPA_上升}",0.0507,0.523760330578512,1.57285384558112
"{AI時數_中,自學_高}","{GPA_上升}",0.06056,0.519115378021601,1.55890503910391
"{主修=STEM,技能=Advanced}","{GPA_上升}",0.05208,0.513305736250739,1.54145866741964
"{付費=是,自學_高}","{GPA_上升}",0.06858,0.508,1.52552552552553
"{倦怠=Medium,自學_高}","{GPA_上升}",0.07236,0.505519072236971,1.51807529200292
